House10,House11,House12,House1,House2,House3,House4,House5,House6,House7,House8,House9,House13,House15,House16,House17,House18,House19,House20
25525.0,32932.0,8810.0,24000.0,19479.0,24909.0,18853.0,15614.0,7637.0,26947.0,25358.0,12665.0,16869.0,8840.0,33039.0,16648.0,20425.0,8856.0,28788.0
13.0,0.0,0.0,0.0,0.0,74.0,40.0,65.0,0.0,32.0,0.0,87.0,0.0,0.0,159.0,0.0,103.0,0.0,18.0
844.1868356603143,647.242697505147,343.30199371855394,625.2192665470789,382.46640999389564,566.1777915465898,423.1780620245078,664.2902388633012,508.78160666635006,761.3191634725948,781.3321972265968,574.8438077223728,517.3883733418843,280.7192974510146,659.6684630678773,262.64804557438026,454.7642673069939,279.04364076185664,317.8664732812339
25512.0,32932.0,8810.0,24000.0,19479.0,24835.0,18813.0,15549.0,7637.0,26915.0,25358.0,12578.0,16869.0,8840.0,32880.0,16648.0,20322.0,8856.0,28770.0
